Company Name,Address,Telephone Number,Other Data,Commodity,Business Field
"Abdi Andalan Abadi Jaya, PT","Jl. Kh. A. Dahlan No. 16 Pahoman, Bandar Lampung, Lampung",0721256535,e-Mail: agus.aaaj@telkom.net,"Oth Than Wood Charcoal(including Shell  Or Nut Cha,Ginger, Neither Crushed Nor Ground","Oth than wood charcoal(including shell  or nut cha,Ginger, Neither Crushed Nor Ground"
"Aman Jaya Perdana, PT","Jl. Ir. Sutami Km.7, Bandar Lampung, Lampung",0721351359,,"Black Pepper, Neither Crushed Nor Ground,Cane Molases,not Added Flavour/colour,Crude Palm Oil","Black pepper, neither crushed nor ground,Cane Molases,not Added Flavour/colour,Crude Palm Oil"
"Antara Saudara, CV","Jl. Sukarno-hatta No. 3, Po Box 2/tk 35401, Teluk Betung, Bandar Lampung, Lampung",072131971,Website: www.antarasaudara.com,"Arabica Wib/robusta Oib, Not Roasted, Not Decaffei,Oth Maize (corn), Oth Than Seeds","Arabica WIB/robusta OIB, not roasted, not decaffei,Oth Maize (corn), Oth Than Seeds"
"Asia Makmur, PT","Jl. Ki.agus Anang No.31, Panjang, Bandar Lampung, Lampung",,,"Arabica Wib/robusta Oib, Not Roasted, Not Decaffei","Arabica WIB/robusta OIB, not roasted, not decaffei"
"Bandar Kencana, CV","Jl. K.h.a. Dahlan No. 141, Teluk Betung, Bandar Lampung, Lampung",0721-3590916,,"Black Pepper, Neither Crushed Nor Ground,White Pepper, Neither Crushed Nor Ground","Black pepper, neither crushed nor ground,White Pepper, Neither Crushed Nor Ground"
"Bea Sari Jelita, PT","Jl. Trans Sumatra Km 26,5 Rt.01 Rw.01 Tanjung Ratu Katibung, Lampung Selatan, Lampung",,,"Oth Soap Of Kind Used For Flotation Deinking Or Re,Oth Wash Prep & Clean Prep,incl Bleach Cleans &,Oth Wash/lean Prep,incl Bleach Cleans Oth Than","Oth soap of kind used for flotation deinking or re,Oth Wash Prep & Clean Prep,incl Bleach Cleans &,Oth Wash/lean Prep,incl Bleach Cleans Oth Than"
"Benteng Wibawa Perkasa, PT","Jl. Laks Malahayati Perum Sember Jaya No.46 Rt 003 Rw 003 Talang Teluk, Lampung Selatan, Lampung",,,"Oth Maize (corn), Oth Than Seeds,Arabica Wib/robusta Oib, Not Roasted, Not","Oth maize (corn), oth than seeds,Arabica Wib/robusta Oib, Not Roasted, Not"
"Bintang Bengkulu Lestari, PT","Jl. Letjen Suprapto Rt. 01 Rw. 03,rejang Lebong, Rejang Lebong, Lampung",073223100,,"Ginger, Neither Crushed Nor Ground","Ginger, neither crushed nor ground"
Budi Luxindo Mandiri,"Dusun Ii Rt 007, Lampung Tengah, Lampung",072549162,,Oil-cake And Other Solid Residues Of Palm Nuts Or,Oil-cake and other solid residues of palm nuts or
"Budi Luxindo Mandiri, PT","Dsn Ii Rt 007 Rw 004 Tempuran Trimurjo, Lampung Tengah, Lampung",,,Oil-cake And Other Solid Residues Of Palm Nuts Or,Oil-cake and other solid residues of palm nuts or
"Budi Mutu Prima, PT","Jl. Ikan Kakap No.9-12, Bandar Lampung, Lampung",0721486122,,"Intermediate Preparation For The Mnfact Of Insecti,Insecticides, In Subhd Note 1","Intermediate preparation for the mnfact of insecti,Insecticides, In Subhd Note 1"
"Budi Semesta Satria, PT","Jl. Ikan Kakap No.9-12 Kel.pesawahan Teluk Betung Selatan, Bandar Lampung, Lampung",0721482683,,"Arabica Wib/robusta Oib, Not Roasted, Not Decaffei","Arabica WIB/robusta OIB, not roasted, not decaffei"
"Budi Sentosa Perkasa, PT","Jl. Ikan Kakap No.9-12 Kel.pesawahan Teluk Betung Selatan, Bandar Lampung, Lampung",0721486953,,"Arabica Wib/robusta Oib, Not Roasted, Not Decaffei,Coffee Oth Than Arabica Wib/robusta Oib, Not","Arabica WIB/robusta OIB, not roasted, not decaffei,Coffee Oth Than Arabica Wib/robusta Oib, Not"
"Budi Wahana Binaswasta, PT","Jl. Ikan Belida No.46 Pesawahan-teluk Betung Selatan, Bandar Lampung, Lampung",072161788,,"Coffee Oth Than Arabica Wib/robusta Oib, Not Roast,Arabica Wib/robusta Oib, Not Roasted, Not","Coffee oth than Arabica WIB/robusta OIB, not roast,Arabica Wib/robusta Oib, Not Roasted, Not"
"Bumi Agung Sejahtera, PT","Jl. Sawo I Blok Aao No.1 Rt.007 Tanjung Raya-tanjung Karang Timur, Bandar Lampung, Lampung",,e-Mail: shdes@hotmail.com,"Arabica Wib/robusta Oib, Not Roasted, Not Decaffei","Arabica WIB/robusta OIB, not roasted, not decaffei"
"Bumi Lampung Makmur, CV","Jl. Soekarno Hatta,ketapang Atas No.18 Way Gubak,panjang, Bandar Lampung, Lampung",,,"Arabica Wib/robusta Oib, Not Roasted, Not Decaffei,Cinnamon (cinnamomum Zeylanicum Blume), Neither,Areca Nuts, Whether/not Shelled/peeled, Fresh Or","Arabica WIB/robusta OIB, not roasted, not decaffei,Cinnamon (cinnamomum Zeylanicum Blume), Neither,Areca Nuts, Whether/not Shelled/peeled, Fresh Or"
"Bumi Makmur International, CV","Jl. Ir Sutami No.8 Waylaga, Bandar Lampung, Lampung",0721350318,,"Arabica Wib/robusta Oib, Not Roasted, Not Decaffei","Arabica WIB/robusta OIB, not roasted, not decaffei"
"Cahaya Anugerah Rudevi, PT","Jl. Pulau Kelagian No.20 Kedamaian Tanjung Karang Timur, Bandar Lampung, Lampung",,,"Cinnamon-tree Flowers, Neither Crushed Nor Ground,Cinnamon And Cinnamon-tree Flowers, Crushed Or,Cinnamon (cinnamomum Zeylanicum Blume), Neither","Cinnamon-tree flowers, neither crushed nor ground,Cinnamon And Cinnamon-tree Flowers, Crushed Or,Cinnamon (cinnamomum Zeylanicum Blume), Neither"
"Central Daya Energi, PT","Kampung Bratasena Adiwarna, Tulangbawang, Lampung",,,"Oth,includ.combined Ball/roller Bearings","Oth,includ.combined ball/roller bearings"
"Central Pertiwi Baharai, PT","Kampung Adiwarna, Kec.gedung Meneng, Lampung Selatan, Lampung",0721556150,,"Shrimps Paste,not In Airtight Containers,Whiteleg Shrimps Headless Without Tail, Frozen,,Whiteleg Shrimps Headless With Tail, Frozen, Fit","Shrimps paste,not in airtight containers,Whiteleg Shrimps Headless Without Tail, Frozen,,Whiteleg Shrimps Headless With Tail, Frozen, Fit"
"Central Proteinaprima Tbk, PT","Bumi Dipasena, Menggala, Lampung Selatan, Lampung",02157851808,,Complete Feed  Of A Kind Suitable For Prawns,Complete feed  of a kind suitable for prawns
"Ciremai Jaya, CV","Jl. Soekarno Hatta Gg. Muchlisin No.4 Kel. Ratu Kec. Kedaton, Bandar Lampung, Lampung",07217627412,,"Wood Sawn/ Chipped Of A Thick > 6 Mm.of Jelutong,p,Oth Plywood,veneered Panels&similar Wood  Of","Wood sawn/ chipped of a thick > 6 mm.of Jelutong,P,Oth Plywood,veneered Panels&similar Wood  Of"
Citra Gloriya,"Jl. Pulau Bangka Blok B 15,bandarlampung, Bandar Lampung, Lampung",07217627337,,"Other Waste Oils,Ginger, Neither Crushed Nor Ground","Other waste oils,Ginger, Neither Crushed Nor Ground"
"Coconut Multi Industri Indonesia, PT","Jl. Beringin Rt/rw:10/09 Dusun Tanjungsari V Kec Natar, Lampung Selatan, Lampung",,,"Copra,Coconuts,oth Than Desiccated&in The Iner Shell,","Copra,Coconuts,oth Than Desiccated&in The Iner Shell,"
"Coffee Indonesia Jaya, PT","Jl. Ki Agus Anang No. 21 Kel.ketapang. Kec. Telukbetung Selatan, Bandar Lampung, Lampung",0721342172,,"Arabica Wib/robusta Oib, Not Roasted, Not Decaffei","Arabica WIB/robusta OIB, not roasted, not decaffei"
Cosmo Green Technology,"Jl. Hm. Salim No. 27, Bandar Lampung, Lampung",072132047,,Oth Vegetable Prodcts Not Used Primarily In Tannin,Oth vegetable prodcts not used primarily in tannin
"Crest International Industrial Development Indo, P","Jl. Raya Kalianda Trans Sumatra Ds Merak Belantung Kec Kalianda, Lampung Selatan, Lampung",0727321222,,"Oth Wood Charcoal(including Shell   Or Nut Charcoa,Activated Carbon, Including Spent Animal Black","Oth wood charcoal(including shell   or nut charcoa,Activated Carbon, Including Spent Animal Black"
"Daurulang Sejahtera Abadi, PT","Jl. Tembesu Iii No.10 Campang Raya Tanjung Karang Timur 35122, Bandar Lampung, Lampung",0721486526,,Polypropylene In Oth Form,Polypropylene in oth form
"Djasa - Djasa, PT","Jl.ir Sutami No.11, Bandar Lampung, Lampung",,,"Arabica Wib/robusta Oib, Not Roasted, Not Decaffei","Arabica WIB/robusta OIB, not roasted, not decaffei"
Dwi Alam Makmur,"Jl. Laks. Malahayati No. 6 Rt 002 Rw 002, Bandar Lampung, Lampung",,,"Arabica Wib/robusta Oib, Not Roasted, Not Decaffei","Arabica WIB/robusta OIB, not roasted, not decaffei"
"Dwi Karya Makmur, PT","Jl. Ir. Sutami Km. 12, Bandar Lampung, Lampung",,,"Oth Maize (corn), Oth Than Seeds","Oth maize (corn), oth than seeds"
"Freeman Carbon Indonesia, PT","Jl. Stasiun Kereta Api Tegeneneng, Desa Haduyang, Lampung Selatan, Lampung",,Website: www.freemancarbonindonesia.com,"Activated Carbon, Including Spent Animal Black","Activated carbon, including spent animal black"
"Golden Navara, PT","Jl. Raya Gunung Sugih Km.56 ( 0725) 527913 Gunung Sugih, Lampung Tengah, Lampung",,,Gum Damar,Gum Damar
"Golden Sari, PT","Jl. Ikan Hiu No 97 Pesawahan Teluk Betung Selatan, Bandar Lampung, Lampung",,Website: www.goldensari.com,"Sodium Cyclamate,Saccharin And Its Salts","Sodium cyclamate,Saccharin And Its Salts"
"Gramer, PT","Jl.yos Sudarso No.20, Bandar Lampung, Lampung",0721481939,,"Oth Article Monumental/building Of Marble,Oth Monmental/building Stone Of Marble,","Oth article monumental/building of marble,Oth Monmental/building Stone Of Marble,"
"Gumindo Abadi Jaya, CV","Jl. Way Handak No.12 Sumur Batu Telukbetung Utara, Bandar Lampung, Lampung",0721484235,,"Gum Benjamin,Gum Damar","Gum benjamin,Gum Damar"
"Gunung Terang, CV","Desa Gunung Terang Kecamatan Kalianda, Lampung Selatan, Lampung",0721264831,e-Mail: gterang@yahoo.com.,"Oth Wood Charcoal(including Shell   Or Nut Charcoa,Oth Than Wood Charcoal(including Shell  Or Nut,Textile Fibres Of Coconut (coir), Raw","Oth wood charcoal(including shell   or nut charcoa,Oth Than Wood Charcoal(including Shell  Or Nut,Textile Fibres Of Coconut (coir), Raw"
"Hanjung Indonesia, PT","Jl. Raya Soekarno Hatta Km.11,5 Srengsem Panjang, Bandar Lampung, Lampung",0721 33216,Website: www.hanjung.com,"Other Bridges And Bridge Sections,Other Dryers Machine  Electrically Operated,Parts, Oth Machicne Electrically  Operated","Other bridges and bridge sections,Other Dryers Machine  Electrically Operated,Parts, Oth Machicne Electrically  Operated"
"Hasil Alam Indo, PT","Jl. Ki Agus Anang No.23 Rt.001 Rw.01 Ketapang Teluk Betung Selatan, Bandar Lampung, Lampung",0272131626,Website: www.hasilalamindo.com,"Arabica Wib/robusta Oib, Not Roasted, Not Decaffei,Black Pepper, Neither Crushed Nor Ground","Arabica WIB/robusta OIB, not roasted, not decaffei,Black Pepper, Neither Crushed Nor Ground"
"Hasil Bumi Prima, PT","Jl. Soekarno Hatta Lk.1 Rt.002 Rw. Way Gubak, Bandar Lampung, Lampung",,,Oil-cake And Other Solid Residues Of Palm Nuts Or,Oil-cake and other solid residues of palm nuts or
"Huma Indah Mekar, PT","Ds.penumangan Baru Panaragan, Tulangbawang, Lampung",072621800,,"Natural Rubber In Smoked Sheets, Rss Grade 1","Natural rubber in smoked sheets, RSS Grade 1"
"Indo American Seafoods, PT","Jl. Ir. Sutami Km.13 Tg.bintang, Bandar Lampung, Lampung",,,"Shrimps Paste,not In Airtight Containers,Other Prepared Shrimps&prawns, Not In Airtight,Other Giant Tiger Prawns, Frozen, Fit For Human","Shrimps paste,not in airtight containers,Other Prepared Shrimps&prawns, Not In Airtight,Other Giant Tiger Prawns, Frozen, Fit For Human"
"Indo Charcoal Briquettes, CV","Jl. Ir.sutami Km.12,50 Kel.sukanegara-kec.tanjung Bintang, Lampung Selatan, Lampung",,,"Oth Wood Charcoal(including Shell   Or Nut Charcoa,Oth Sawdust&wood Waste&scrap,whether Or Not,Non-coniferous Wood In Chips Or   Particles","Oth wood charcoal(including shell   or nut charcoa,Oth Sawdust&wood Waste&scrap,whether Or Not,Non-coniferous Wood In Chips Or   Particles"
"Indolampung Distillery, PT","Ds.mataram Udik, Kec.seputih Mataram, Lampung Tengah, Lampung",,Website: www.sugargroup.com,Undenatured Ethylalcohol Of Alcoholic,Undenatured ethylalcohol of alcoholic
"Indolatex Jaya Abadi, PT","Jl. Lintas Sumatera Rt.01 Rw.tanjung Ratu Ilir Way Pangubuan, Lampung Tengah, Lampung",0725-529888,,Technically Specified Natural Rubber (tsnr) 20,Technically Specified Natural Rubber (TSNR) 20
"Indonusa Algaemas Prima, PT","Jl. Rajawali Selatan Raya Blok C-5/2 Multiguna Square No.1 L-m,, Bandar Lampung, Lampung",,Website: www.intanair.com,"Other Seaweed & Algae, Fresh, Chilled, Frozen,drie,Eucheuma Spp,fresh,chilled,frozen,dried, For","Other seaweed & algae, fresh, chilled, frozen,drie,Eucheuma Spp,fresh,chilled,frozen,dried, For"
"Indra Brothers, PT","Jl. Raya Bakauheni Km.16 Po.box 16 Tarahan Katibung, Lampung Selatan, Lampung",0721312220,,"Arabica Wib/robusta Oib, Not Roasted, Not Decaffei","Arabica WIB/robusta OIB, not roasted, not decaffei"
Inni Zhenghe,"Jl. Raya Serdang No 1,lampung Selatan, Lampung Selatan, Lampung",0721350311,,"Oth Than Wood Charcoal(including Shell  Or Nut Cha,Oth Wood Charcoal(including Shell   Or Nut","Oth than wood charcoal(including shell  or nut cha,Oth Wood Charcoal(including Shell   Or Nut"
"Karbon Prima Sentosa Abadi, PT","Jl. Raden Intan 98-100  Enggal  Tanjung Karang Pusat, Bandar Lampung, Lampung",,e-Mail: kpsa.elg@gmail.com,"Activated Carbon, Including Spent Animal Black,Oth Wood Charcoal(including Shell   Or Nut","Activated carbon, including spent animal black,Oth Wood Charcoal(including Shell   Or Nut"
"Karunia Alam Prima Sejati, PT","Jl. Cut Nyak Dien Gg. Hidayat No. 1 Durian Payung Tanjung Karang Pusat, Bandar Lampung, Lampung",0721269979,,"Cocoa Beans,whole/broken,raw/roasted,Arabica Wib/robusta Oib, Not Roasted, Not","Cocoa beans,whole/broken,raw/roasted,Arabica Wib/robusta Oib, Not Roasted, Not"
Karya Kencana Bhakti,"Jl. Lintas Sumatera Km. 18, Lampung Selatan, Lampung Selatan, Lampung",,,"Coconuts, In The Inner Shell (endocarp),  Fresh","Coconuts, in the inner shell (endocarp),  fresh"
"Karya Prima Sentosa Abadi, PT","Jl. Raden Intan No. 100 Tanjung Karang, Bandar Lampung, Lampung",0721262632,,"Oth Rubber,sanded Or End Jointed&planed, Thickness,Oth Non Coniferous Oth Teak Strips Friezes For,Wooden Furniture Of A Kind Used In The Kitchen","Oth rubber,sanded or end jointed&planed, thickness,Oth Non Coniferous Oth Teak Strips Friezes For,Wooden Furniture Of A Kind Used In The Kitchen"
Kelapa Mas,"Jl.padat Karya Perum Puri Hijau Blok D No.58 Rt.015, Bandar Lampung, Lampung",,,"Coconuts,oth Than Desiccated&in The Iner Shell, Fr","Coconuts,oth than desiccated&in the iner shell, fr"
"Kencana Acidindo Perkasa, PT","Jl. Ikan Kakap No.9/12, Bandar Lampung, Lampung",0721486754,,"Pineapples, Othwise Prepared/preserved,Pineapple Juice, Of A Brix Value Not Exceeding 20,Vegetable Materials And Waste, Residues Of A Kind","Pineapples, othwise prepared/preserved,Pineapple Juice, Of A Brix Value Not Exceeding 20,Vegetable Materials And Waste, Residues Of A Kind"
"Kendi Arindo, PT","Jl. Kartini No.29, Durian Payung, Bandar Lampung, Lampung",0721264392,,Oth Wood Charcoal(including Shell   Or Nut Charcoa,Oth wood charcoal(including shell   or nut charcoa
"Keong Nusantara Abadi., PT","Desa Bumisari Rkii Kec,natar, Lampung Selatan, Lampung",072191189,Website: wongcoco.com,"Snails,oth Than Sea Snails,prepared/ Preserved,Othwise Prepared Or Preserved, Not Added,Tableware And Kitchenware, Of Wood.","Snails,oth than sea snails,prepared/ preserved,Othwise Prepared Or Preserved, Not Added,Tableware And Kitchenware, Of Wood."
"Komering Jaya Perdana, PT","Jl. Arief Rahman Hakim B. 14 Way Halim Permai, Bandar Lampung, Lampung",072178415,Website: www.komeringjp.co.id,Technically Specified Natural Rubber (tsnr) 20,Technically Specified Natural Rubber (TSNR) 20
"Lampung Robusta Coffee, CV","Jl. Pangeran Antasari 159, Bandar Lampung, Lampung",0721 350029,,"Arabica Wib/robusta Oib, Not Roasted, Not Decaffei","Arabica WIB/robusta OIB, not roasted, not decaffei"
"Losari Laksana, PT","Jl. Kh. A. Dahlan 138/160, Bandar Lampung, Lampung",0721487416,e-Mail: losari@indo.net.id,"Ginger, Neither Crushed Nor Ground,Instant Coffee","Ginger, neither crushed nor ground,Instant Coffee"
"Mahligai Indo Coco Fibre, PT","Jl. Teuku Umar No. 11 Kedaton, Bandar Lampung, Lampung",0721708780,,"Textile Fibres Of Coconut (coir), Raw,Textile Fibres; Other Of Ramie","Textile fibres Of coconut (coir), raw,Textile Fibres; Other Of Ramie"
"Mardec Siger Way Kanan, PT","Jl. Lintas Tengah Sumatera Km.215 Kamp. G.sangkaran, Way Kanan, Lampung",07237007708,,"Technically Specified Natural Rubber (tsnr) 20,Technically Specified Natural Rubber (tsnr) 10","Technically Specified Natural Rubber (TSNR) 20,Technically Specified Natural Rubber (tsnr) 10"
Menggala Berseri,"Jl. Lintas Timur  Km.130 No.189,tulang Bawang, Tulangbawang, Lampung",07267771003,Website: www.berseriindonesia.com,"Technically Specified Natural Rubber (tsnr) 20,Other Compounded Rubber,unvulcanised,in Other Form","Technically Specified Natural Rubber (tsnr) 20,Other Compounded Rubber,unvulcanised,in Other Form"
"Min-gook Industry Kayu, PT","Jl. Lintas Sumatera Km.97,ds Tanjung Iman Kec.blambangan Pagar, Lampung Utara, Lampung",,,Oth Non Coniferous Oth Teak Strips Friezes For Par,Oth non coniferous oth teak strips friezes for par
"Mitra  Sari, CV","Jl.katamso No.44 ,tanjung Karang, Bandar Lampung, Lampung",,,"Oth Vegetable Prodcts Not Used Primarily In Tannin,Foliage,branches&oth Part Plant,grasses, For,Other Spices","Oth vegetable prodcts not used primarily in tannin,Foliage,branches&oth Part Plant,grasses, For,Other Spices"
"Multi Organic International, PT","Jl. Soekarno Hatta Km. 7, Bandar Lampung, Lampung",,,Gum Damar,Gum damar
"Nedcoffee Indonesia Makmur Jaya, PT","Jl. Soekarno Hatta Km.7 Campang Raya Tanjung Karang Timur, Bandar Lampung, Lampung",0721704966,Website: www.nedcoffeeindonesia.co.id,"Arabica Wib/robusta Oib, Not Roasted, Not Decaffei","Arabica WIB/robusta OIB, not roasted, not decaffei"
"Nusantara Tropical Fruit, PT","Desa Rajabasa Lama, Labuhan Ratu, Lampung Timur, Lampung",072131908,,"Plantains, Fresh Or  Dried,Pineapples, Fresh Or Dried,Guavas, Fresh Or Dried","Plantains, fresh or  dried,Pineapples, Fresh Or Dried,Guavas, Fresh Or Dried"
"Patroman Senoputra, PT","Jl. Ir Sutami Km 7 Way Gubak Panjang, Bandar Lampung, Lampung",,,"Black Pepper, Neither Crushed Nor Ground","Black pepper, neither crushed nor ground"
"Perkebunan Nusantara Vii (persero), PT","Jl. Teuku Umar No. 300, Bandar Lampung, Lampung",0721702775,,"Technically Specified Natural Rubber (tsnr) 20,Natural Rubber In Smoked Sheets, Rss Grade 1,Technically Specified Natural Rubber (tsnr) L","Technically Specified Natural Rubber (TSNR) 20,Natural Rubber In Smoked Sheets, Rss Grade 1,Technically Specified Natural Rubber (tsnr) L"
"Puncak Menara Hijau Mas, PT","Jl. Lintas Sumatera Km. 8 Desa Kembang Tanjung Kota Bumi, Lampung Utara, Lampung",072425007,,"Tableware And Kitchenware, Of Wood.","Tableware and kitchenware, of wood."
"Putera Nusantara, CV","Jl. Ikan Gurame No. 17 A, Bandar Lampung, Lampung",0721486586,,"Black Pepper, Neither Crushed Nor Ground,Oth Wood Charcoal(including Shell   Or Nut,Gum Damar","Black pepper, neither crushed nor ground,Oth Wood Charcoal(including Shell   Or Nut,Gum Damar"
"Putrabali Adyamulia, PT","Jl. Gatot Subroto No. 79 - Agaruntang, Bandar Lampung, Lampung",0721488044,e-Mail: putrabali-adyamulya@lampung.wasantara.net.id,"Black Pepper, Neither Crushed Nor Ground,White Pepper, Neither Crushed Nor Ground","Black pepper, neither crushed nor ground,White Pepper, Neither Crushed Nor Ground"
Roda Mandala Dwipa,"Jl. Walasakti No. 21 Rt 007 Rw 02, Bandar Lampung, Lampung",,,"Arabica Wib/robusta Oib, Not Roasted, Not Decaffei","Arabica WIB/robusta OIB, not roasted, not decaffei"
"Rubber Jaya Lampung, PT","Jl. Ir.sutami Km.11.desa Lematang Kec.tanjung Bintang, Lampung Selatan, Lampung",,,Technically Specified Natural Rubber (tsnr) 20,Technically Specified Natural Rubber (TSNR) 20
"Sahara Oasis Indonesia, Ud.","Jl.karimun Jawa,perumdam Iii,blok F 33, 35131, Bandar Lampung, Lampung",,,Gum Benjamin,Gum benjamin
"Samson Jaya, PT","Jl. Ir.sutami No.18 Waylaga, Bandar Lampung, Lampung",0721350029,,"Arabica Wib/robusta Oib, Not Roasted, Not Decaffei","Arabica WIB/robusta OIB, not roasted, not decaffei"
"Sari Segar Husada, PT","Jl. Raya Bakauheni Km. 16 Tarahan, Lampung Selatan, Lampung",,,"Coconuts, Desiccated, Dried","Coconuts, desiccated, dried"
"Siger Jaya Abadi, PT","Jl. Raya Tanjung Bintang No. 99 Rt. 01 Rw. 001, Lampung Selatan Lampung Selatan, Lampung",0721350373,Website: www.sigerjayaabadi.com,"Crabs, Dried, Boiled, In Airtight Container, Not F","Crabs, dried, boiled, in airtight container, not f"
"Siger Jaya Sentosa, PT","Jalan Raya Tanjung Bintang No 101, Lampung Selatan, Lampung",,,"Crabs, Dried, Boiled, In Airtight Container, Not F","Crabs, dried, boiled, in airtight container, not f"
"Silva Inhutani Lampung, PT","Jl. Ikan Kakap No. 9-12, Pesawahan Teluk Betung Selatan, Bandar Lampung, Lampung",0721482683,,"Natural Rubber In Smoked Sheets, Rss Grade 1,Technically Specified Natural Rubber (tsnr) 20,Technically Specified Natural Rubber (tsnr) 10","Natural rubber in smoked sheets, RSS Grade 1,Technically Specified Natural Rubber (tsnr) 20,Technically Specified Natural Rubber (tsnr) 10"
"Sinar Bambu Kencana, PT","Jl. Raya Buyut Udik Km. 4 Kec. Gunung Sugih, Lampung Selatan, Lampung",,,Joss Paper,Joss paper
"Sinar Jaya Inti Mulya, PT","Jl. Imam Bonjol No. 35, Metro, Lampung",072541601,,"Oil-cake And Other Solid Residues Of Palm Nuts Or,Oth Vegetable Prodcts Not Used Primarily In","Oil-cake and other solid residues of palm nuts or,Oth Vegetable Prodcts Not Used Primarily In"
"Sinar Laut, CV","Jl. Soekarno Hatta Km. 6, Bandar Lampung, Lampung",,Website: www.shipserv.com,"Crude Oil Of Coconut (copra),Oth Industrial Monocarboxylic Fatty Acid","Crude oil of coconut (copra),Oth Industrial Monocarboxylic Fatty Acid"
"Sungai Budi, PT","Jl. Ikan Kakap No.9-12, Kel. Pesawahan, Kec. Teluk Betung Selatan, Bandar Lampung, Lampung",0721482683,e-Mail: alloy@cbn.net.id,"Arabica Wib/robusta Oib, Not Roasted, Not Decaffei,Coffee Oth Than Arabica Wib/robusta Oib, Not","Arabica WIB/robusta OIB, not roasted, not decaffei,Coffee Oth Than Arabica Wib/robusta Oib, Not"
"Surya Bumi Sentosa, PT","Jl. Ir Sutami Km.7 No.22, Bandar Lampung, Lampung",,e-Mail: purwantody4@gmail.com,"Arabica Wib/robusta Oib, Not Roasted, Not Decaffei","Arabica WIB/robusta OIB, not roasted, not decaffei"
"Suryana, Ud.","Jl. Raden Imba Kusuma No.2, Kel. Sumur Putri, Kec. Teluk Betung Selatan, Bandar Lampung, Lampung",0721471861,Website: www.suryana.asia,"Coffee, Roasted, Not Decaffeinated, Unground,Coffee, Roasted, Not Decaffeinated, Ground","Coffee, roasted, not decaffeinated, unground,Coffee, Roasted, Not Decaffeinated, Ground"
"Tanjung Jaya Perkasa, PT","Jl. Candi Mas No. 17 Rt.07/rw.03 Kel.natar, Kec.natar, Lampung Selatan, Lampung",072191743,,"Oth Plywood,veneered Panels&similar Wood  Of Block,Wood Sawn/ Chipped Of A Thick > 6 Mm.of","Oth plywood,veneered panels&similar wood  of block,Wood Sawn/ Chipped Of A Thick > 6 Mm.of"
"Tanso Putra Asia, PT","Jl. Wala Abadi Km. 6, Ds.way Laga, Kec.sukabumi, Bandar Lampung, Lampung",0721350240,Website: www.tanso.en.busytrade.com,"Filtering Machines&apparatus For Gases,Oth Than Wood Charcoal(including Shell  Or Nut","Filtering Machines&apparatus For Gases,Oth Than Wood Charcoal(including Shell  Or Nut"
"Teguh Wibawa Bhakti Persada, PT","Jl. Laks. Malahayati No. 62c, Kel.teluk Betung Selatan, Kec.teluk Betung, Bandar Lampung, Lampung",0721485679,,Manioc(cassava) Starch,Manioc(cassava) starch
"Tekniko Indonesia, PT","Jl. P. Tirtayasa No. 88, Kel.campang Raya, Kec.sukabumi, Bandar Lampung, Lampung",0721351222,,"Other Structures & Parts Of Structures, Not Guardr,Chalk","Other structures & parts of structures, not guardr,Chalk"
Tetrasoft Solusindo,"Jl. Griya Indah Blok Iic No. 10 Rt 06 Lk Ii, Bandar Lampung, Lampung",,,Oth Vegetable Prodcts Not Used Primarily In Tannin,Oth vegetable prodcts not used primarily in tannin
"Toyota Bio Indonesia, PT","Jl. Raya Tanjung Bintang, Kel. Serdang, Kec.tanjung Bintang, Lampung Selatan, Lampung",0721350931,Website: www.toyotabio.co.id,"Cane Molases,not Added Flavour/colour","Cane Molases,not Added Flavour/colour"
"Tri Ratu Mukti Kencana, PT","Jl. Yos Sudarso No.275, Kel. Way Lunik, Kec. Panjang, Bandar Lampung, Lampung",0271487542,e-Mail: sriratukencana@yahoo.com,"Eucheuma Spp,fresh,chilled,frozen,dried, For Human,Gracilaria Lichenoides,fresh,chilled,","Eucheuma spp,fresh,chilled,frozen,dried, for human,Gracilaria Lichenoides,fresh,chilled,"
"Tunas Multi Anugrah, PT","Jl. Soekarno Hatta Gg Bintara No. 9 Rt. 03/01 Sukarame, Bandar Lampung, Lampung",0721774637,,"Lignite, Whether Or Not Pulverised, But Not Agglom","Lignite, whether or not pulverised, but not agglom"
"Ulubelu Cofco Abadi, PT","Jl. Ir. Sutami Km. 7 No. 24, Bandar Lampung, Lampung",,Website: www.ulubelu.com,"Arabica Wib/robusta Oib, Not Roasted, Not Decaffei","Arabica WIB/robusta OIB, not roasted, not decaffei"
"Umas Jaya Agrotama, PT","Jl. Raya Panjang-sribawono Km.36 Jabung, Lampung Timur, Lampung",0721491037,,"Tapioca&substitutes Thf Prep Fr Starch, In Flake,g,Manioc(cassava) Starch","Tapioca&substitutes thf prep fr starch, in flake,g,Manioc(cassava) Starch"
"Wahyu Tama Agrindo, CV","Jl. Jend. Gatot Subroto No. 161 Pecoh Raya, Teluk Betung Selatan, Bandar Lampung, Lampung",0721474946,,"Cane Molases,not Added Flavour/colour","Cane molases,not added flavour/colour"
"Weka Prima Sentosa, PT","Jl. Raya Candimas Km. 25 No. 171 Natar, Bandar Lampung, Lampung",,,"Oth Wood Charcoal(including Shell   Or Nut Charcoa,Fuel Wood,in Logs,in Billets,in Twigs Faggots Or","Oth wood charcoal(including shell   or nut charcoa,Fuel Wood,in Logs,in Billets,in Twigs Faggots Or"
"Zakwan Trading., CV","Jl. Imam Bonjol No. 366 Kel. Segala Mider Kec. Tanjung Karang Barat, Bandar Lampung, Lampung",,Website: www.zakwantrading.com,"Coconuts,oth Than Desiccated&in The Iner Shell, Fr,Textile Fibres Of Coconut (coir), Other","Coconuts,oth than desiccated&in the iner shell, fr,Textile Fibres Of Coconut (coir), Other"
